<?xml version="1.0" encoding="UTF-8" standalone="yes"?>
<addon id="repository.tomskodi" name="Toms Kodi" version="1.0" provider-name="PickleRicked">
    <extension point="xbmc.addon.repository" name="Example Repository">
        <dir>
            <info compressed="false">https://raw.githubusercontent.com/PickleRicked/.github.io/master/zips/addons.xml</info>
            <checksum>https://raw.githubusercontent.com/PickleRicked/.github.io/master/zips/addons.xml.md5</checksum>
            <datadir zip="true">https://raw.githubusercontent.com/PickleRicked/.github.io/master/zips/</datadir>
        </dir>
    </extension>
    <extension point="xbmc.addon.metadata">
        <summary>Toms Repository</summary>
        <description>PickleRick bringing you all the fun! We got Movies, TV shows, Sports, Live TV and even stuff for those kiddies. Hells yeah!</description>
        <disclaimer></disclaimer>
        <platform>all</platform>
        <assets>
            <icon>icon.png</icon>
            <fanart>fanart.jpg</fanart>
        </assets>
    </extension>
</addon>