<?xml version="1.0" encoding="UTF-8" standalone="yes"?>
<addon id="plugin.program.pickletools" 
              name="[COLOR lime]PickleRicked[/COLOR] [COLOR white]Tools[/COLOR]" 
              version="1.1" 
              provider-name="PickleRicked"> 
  <requires>
  	<import addon="xbmc.python" version="2.1.0"/>
	<import addon="script.module.requests" version="2.9.1"/>
  </requires>
  <extension point="xbmc.python.pluginsource" library="default.py">
        <provides>executable</provides>
  </extension>
  <extension point="xbmc.service" library="service.py" start="startup">
  </extension> 
  <extension point="xbmc.addon.metadata">
    <platform>all</platform>
    <summary lang="en">[COLOR lime]PickleRicked[/COLOR] - [COLOR white]Tools[/COLOR]</summary>
    <description lang="en">PickleRicked Gonna Help Ya Clean Ya Shit With a Collection of Kodi Tools and Utilities</description>
    <disclaimer lang="en"></disclaimer>
    <language></language>
    <platform>all</platform>
    <license>GNU GENERAL PUBLIC LICENSE. Version 2, June 1991</license>
    <assets>
        <icon>icon.png</icon>
        <fanart>fanart.jpg</fanart>
    </assets>
  </extension>
</addon>