<settings>
    <setting id="accache" value="true" />
    <setting id="accrash" value="false" />
    <setting id="acpackages" value="true" />
    <setting id="acstartup" value="true" />
    <setting id="acthumbs" value="true" />
    <setting id="addon_debug" value="false" />
    <setting id="autocleanfreq" value="1" />
    <setting id="email" value="" />
    <setting id="email_prompt" value="false" />
    <setting id="enable_dropbox" value="false" />
    <setting id="enable_pastebin" value="true" />
    <setting id="enable_ubuntu" value="false" />
    <setting id="include_old" value="true" />
    <setting id="includeall" value="true" />
    <setting id="includeanarchy" value="true" />
    <setting id="includebeausplace" value="true" />
    <setting id="includebennu" value="true" />
    <setting id="includebonecrusher" value="true" />
    <setting id="includeboxsetkings" value="true" />
    <setting id="includebubbles" value="true" />
    <setting id="includecovenant" value="true" />
    <setting id="includedeathstreams" value="true" />
    <setting id="includeelysium" value="true" />
    <setting id="includeexodus" value="true" />
    <setting id="includeexoshark" value="true" />
    <setting id="includeflixanity" value="true" />
    <setting id="includegurzil" value="true" />
    <setting id="includehitlists" value="true" />
    <setting id="includeneptune" value="true" />
    <setting id="includenotsure" value="true" />
    <setting id="includepiranha" value="true" />
    <setting id="includeposeidon" value="true" />
    <setting id="includeprojectm" value="true" />
    <setting id="includeredpill" value="true" />
    <setting id="includeresistance" value="true" />
    <setting id="includerevelations" value="true" />
    <setting id="includesalts" value="true" />
    <setting id="includesaltshdlite" value="true" />
    <setting id="includesaltsrdlite" value="true" />
    <setting id="includesilenthunter" value="true" />
    <setting id="includespecto" value="true" />
    <setting id="includesportie" value="true" />
    <setting id="includestreamhub" value="true" />
    <setting id="includethedelorean" value="true" />
    <setting id="includetinklepad" value="true" />
    <setting id="includetriangulum" value="true" />
    <setting id="includeukturk" value="true" />
    <setting id="includevideo" value="true" />
    <setting id="includewtfork" value="true" />
    <setting id="includexxxodus" value="true" />
    <setting id="kodi17iscrap" value="" />
    <setting id="maint_check_folders" value="true" />
    <setting id="maint_check_log" value="true" />
    <setting id="nextautocleanup" value="2018-01-20" />
    <setting id="zip" value="special://home/backupdir" />
</settings>
